GEO_ID,STATENAME,P1_001N,P1_001NA,P1_002N,P1_002NA,P1_003N,P1_003NA,P1_004N,P1_004NA,P1_005N,P1_005NA,P1_006N,P1_006NA,P1_007N,P1_007NA,P1_008N,P1_008NA,P1_009N,P1_009NA,P1_010N,P1_010NA,P1_011N,P1_011NA,P1_012N,P1_012NA,P1_013N,P1_013NA,P1_014N,P1_014NA,P1_015N,P1_015NA,P1_016N,P1_016NA,P1_017N,P1_017NA,P1_018N,P1_018NA,P1_019N,P1_019NA,P1_020N,P1_020NA,P1_021N,P1_021NA,P1_022N,P1_022NA,P1_023N,P1_023NA,P1_024N,P1_024NA,P1_025N,P1_025NA,P1_026N,P1_026NA,P1_027N,P1_027NA,P1_028N,P1_028NA,P1_029N,P1_029NA,P1_030N,P1_030NA,P1_031N,P1_031NA,P1_032N,P1_032NA,P1_033N,P1_033NA,P1_034N,P1_034NA,P1_035N,P1_035NA,P1_036N,P1_036NA,P1_037N,P1_037NA,P1_038N,P1_038NA,P1_039N,P1_039NA,P1_040N,P1_040NA,P1_041N,P1_041NA,P1_042N,P1_042NA,P1_043N,P1_043NA,P1_044N,P1_044NA,P1_045N,P1_045NA,P1_046N,P1_046NA,P1_047N,P1_047NA,P1_048N,P1_048NA,P1_049N,P1_049NA,P1_050N,P1_050NA,P1_051N,P1_051NA,P1_052N,P1_052NA,P1_053N,P1_053NA,P1_054N,P1_054NA,P1_055N,P1_055NA,P1_056N,P1_056NA,P1_057N,P1_057NA,P1_058N,P1_058NA,P1_059N,P1_059NA,P1_060N,P1_060NA,P1_061N,P1_061NA,P1_062N,P1_062NA,P1_063N,P1_063NA,P1_064N,P1_064NA,P1_065N,P1_065NA,P1_066N,P1_066NA,P1_067N,P1_067NA,P1_068N,P1_068NA,P1_069N,P1_069NA,P1_070N,P1_070NA,P1_071N,P1_071NA
0400000US01,Alabama,5024279,null,4767326,null,3220452,null,1296162,null,33625,null,76660,null,2984,null,137443,null,256953,null,243473,null,45429,null,79559,null,18510,null,1449,null,80617,null,6301,null,2049,null,492,null,5421,null,266,null,77,null,1941,null,567,null,562,null,233,null,12093,null,4493,null,972,null,172,null,1441,null,912,null,138,null,2194,null,681,null,429,null,78,null,124,null,13,null,146,null,145,null,86,null,27,null,12,null,6,null,7,null,17,null,1191,null,304,null,64,null,516,null,80,null,47,null,4,null,35,null,48,null,7,null,25,null,31,null,7,null,4,null,15,null,4,null,187,null,89,null,78,null,13,null,0,null,5,null,2,null,9,null,9,null
0400000US02,Alaska,733391,null,643867,null,435392,null,21898,null,111575,null,44032,null,12698,null,18272,null,89524,null,81221,null,5987,null,38129,null,9815,null,1599,null,17735,null,2039,null,547,null,319,null,948,null,1215,null,607,null,622,null,1349,null,255,null,55,null,7371,null,1988,null,402,null,121,null,361,null,1795,null,344,null,878,null,837,null,204,null,31,null,80,null,31,null,41,null,58,null,21,null,15,null,90,null,28,null,15,null,31,null,822,null,206,null,47,null,160,null,47,null,17,null,13,null,217,null,49,null,7,null,36,null,4,null,3,null,0,null,5,null,11,null,97,null,44,null,29,null,4,null,4,null,14,null,2,null,13,null,13,null
0400000US04,Arizona,7151502,null,6154696,null,4322337,null,339150,null,319512,null,257430,null,16397,null,899870,null,996806,null,948897,null,60610,null,84795,null,62979,null,7025,null,687131,null,7977,null,4322,null,864,null,11926,null,1492,null,570,null,10400,null,4226,null,3696,null,884,null,43514,null,7360,null,3178,null,518,null,5839,null,2296,null,428,null,13994,null,3924,null,3882,null,457,null,254,null,87,null,479,null,218,null,190,null,49,null,117,null,111,null,36,null,97,null,3885,null,732,null,115,null,1450,null,225,null,246,null,35,null,299,null,410,null,50,null,217,null,35,null,27,null,13,null,13,null,18,null,440,null,174,null,215,null,12,null,7,null,28,null,4,null,70,null,70,null
0400000US05,Arkansas,3011524,null,2797949,null,2114512,null,453783,null,27177,null,51839,null,14533,null,136105,null,213575,null,203299,null,28910,null,76042,null,11859,null,1281,null,75317,null,3149,null,865,null,214,null,2817,null,199,null,101,null,1347,null,502,null,522,null,174,null,9447,null,3600,null,466,null,101,null,1050,null,831,null,104,null,2079,null,441,null,358,null,73,null,63,null,9,null,134,null,81,null,22,null,2,null,8,null,11,null,0,null,14,null,699,null,183,null,33,null,299,null,14,null,19,null,0,null,51,null,47,null,14,null,13,null,7,null,7,null,4,null,8,null,0,null,118,null,60,null,38,null,2,null,15,null,2,null,1,null,12,null,12,null
0400000US06,California,39538223,null,33777988,null,16296122,null,2237044,null,631016,null,6085947,null,157263,null,8370596,null,5760235,null,5380042,null,257897,null,384596,null,624936,null,45390,null,3626370,null,37342,null,51784,null,8765,null,88929,null,13189,null,2563,null,113787,null,51357,null,61163,null,11974,null,341027,null,41343,null,24099,null,3338,null,32938,null,22082,null,3308,null,119441,null,31003,null,42261,null,4250,null,2582,null,555,null,3381,null,2638,null,2603,null,606,null,960,null,1465,null,316,null,1858,null,34609,null,6504,null,981,null,11879,null,1951,null,2736,null,336,null,2531,null,4290,null,421,null,2082,null,260,null,282,null,77,null,170,null,109,null,4107,null,1345,null,2002,null,236,null,208,null,284,null,32,null,450,null,450,null
0400000US08,Colorado,5773714,null,5066044,null,4082927,null,234828,null,74129,null,199827,null,10287,null,464046,null,707670,null,665645,null,48200,null,91231,null,63039,null,4943,null,426665,null,5076,null,3636,null,611,null,7619,null,851,null,218,null,8397,null,2431,null,2183,null,545,null,38117,null,6940,null,2747,null,337,null,4070,null,2331,null,325,null,14157,null,3105,null,2553,null,331,null,265,null,63,null,348,null,170,null,129,null,25,null,68,null,72,null,14,null,67,null,3437,null,688,null,136,null,1346,null,188,null,241,null,34,null,282,null,300,null,39,null,131,null,20,null,7,null,13,null,2,null,10,null,423,null,195,null,152,null,30,null,10,null,31,null,5,null,48,null,48,null
0400000US09,Connecticut,3605944,null,3273040,null,2395128,null,388675,null,16051,null,172455,null,1598,null,299133,null,332904,null,313228,null,36315,null,25191,null,24100,null,853,null,191978,null,4947,null,2021,null,469,null,20121,null,356,null,87,null,3197,null,639,null,1839,null,1115,null,16883,null,4629,null,1111,null,75,null,5315,null,449,null,36,null,2516,null,462,null,975,null,119,null,152,null,20,null,641,null,35,null,177,null,49,null,8,null,36,null,21,null,57,null,2583,null,310,null,62,null,1879,null,45,null,130,null,18,null,39,null,54,null,5,null,19,null,10,null,5,null,0,null,6,null,1,null,185,null,76,null,87,null,8,null,2,null,11,null,1,null,25,null,25,null
0400000US10,Delaware,989948,null,913430,null,597763,null,218899,null,5148,null,42699,null,412,null,48509,null,76518,null,71461,null,14610,null,9586,null,5480,null,310,null,32669,null,2662,null,911,null,147,null,3811,null,107,null,12,null,613,null,132,null,310,null,101,null,4488,null,1842,null,434,null,25,null,841,null,177,null,31,null,546,null,160,null,157,null,27,null,74,null,29,null,88,null,26,null,10,null,2,null,4,null,4,null,0,null,11,null,522,null,123,null,8,null,272,null,18,null,24,null,16,null,10,null,9,null,0,null,13,null,4,null,4,null,0,null,17,null,4,null,42,null,11,null,19,null,0,null,12,null,0,null,0,null,5,null,5,null
0400000US12,Florida,21538187,null,17986115,null,12422961,null,3246381,null,94795,null,643682,null,14014,null,1564282,null,3552072,null,3428042,null,200545,null,192576,null,122838,null,7435,null,2694902,null,19086,null,20991,null,4320,null,127918,null,1859,null,393,null,14987,null,4389,null,11730,null,4073,null,106458,null,19129,null,9588,null,862,null,32695,null,4204,null,537,null,18348,null,3696,null,9942,null,854,null,541,null,132,null,2680,null,826,null,1589,null,322,null,93,null,177,null,35,null,208,null,16177,null,1800,null,244,null,10372,null,344,null,1751,null,137,null,296,null,547,null,63,null,271,null,81,null,118,null,14,null,116,null,23,null,1263,null,353,null,719,null,90,null,40,null,25,null,36,null,132,null,132,null
0400000US13,Georgia,10711908,null,9968000,null,5555483,null,3320513,null,50618,null,479028,null,7299,null,555059,null,743908,null,698142,null,115782,null,106685,null,55138,null,3094,null,333782,null,19655,null,11481,null,1812,null,36334,null,1007,null,147,null,7360,null,1680,null,3398,null,787,null,40179,null,13019,null,4196,null,462,null,7178,null,1892,null,242,null,6817,null,1473,null,1931,null,185,null,490,null,101,null,1017,null,397,null,504,null,110,null,40,null,42,null,6,null,77,null,4971,null,1173,null,159,null,2453,null,154,null,352,null,40,null,176,null,191,null,30,null,71,null,61,null,40,null,13,null,56,null,2,null,551,null,193,null,270,null,22,null,11,null,22,null,33,null,65,null,65,null
0400000US15,Hawaii,1455271,null,1087142,null,333261,null,23417,null,4370,null,541902,null,157445,null,26747,null,368129,null,231504,null,5615,null,11279,null,71907,null,34670,null,20218,null,800,null,2779,null,1736,null,929,null,1010,null,930,null,439,null,75347,null,2842,null,1003,null,118847,null,1511,null,1433,null,911,null,576,null,4244,null,2019,null,1147,null,99170,null,2728,null,1076,null,218,null,99,null,67,null,1245,null,83,null,32,null,1177,null,53,null,16,null,1042,null,15969,null,666,null,302,null,340,null,2156,null,116,null,62,null,8521,null,310,null,83,null,3112,null,216,null,24,null,3,null,44,null,14,null,1733,null,998,null,138,null,25,null,139,null,406,null,27,null,76,null,76,null
0400000US16,Idaho,1839106,null,1685901,null,1510360,null,15726,null,25621,null,26836,null,3726,null,103632,null,153205,null,145443,null,7906,null,32995,null,15980,null,2696,null,81703,null,433,null,236,null,85,null,625,null,203,null,104,null,1365,null,591,null,384,null,137,null,6992,null,1022,null,330,null,85,null,575,null,693,null,162,null,2248,null,1156,null,494,null,109,null,14,null,6,null,29,null,8,null,16,null,3,null,18,null,3,null,5,null,16,null,649,null,100,null,27,null,180,null,48,null,27,null,6,null,109,null,46,null,10,null,45,null,22,null,13,null,0,null,7,null,9,null,82,null,38,null,18,null,12,null,6,null,5,null,3,null,39,null,39,null
0400000US17,Illinois,12812508,null,11667524,null,7868227,null,1808271,null,96498,null,754878,null,4501,null,1135149,null,1144984,null,1087260,null,111307,null,107871,null,90923,null,3101,null,697568,null,12187,null,6283,null,716,null,23028,null,1470,null,168,null,23158,null,2673,null,5233,null,1574,null,51574,null,11661,null,2761,null,286,null,8170,null,2026,null,187,null,18641,null,1694,null,3603,null,255,null,391,null,103,null,904,null,227,null,286,null,76,null,27,null,113,null,43,null,120,null,5396,null,963,null,122,null,3171,null,117,null,294,null,16,null,136,null,296,null,12,null,130,null,33,null,34,null,14,null,42,null,16,null,670,null,301,null,301,null,35,null,14,null,4,null,15,null,84,null,84,null
0400000US18,Indiana,6785528,null,6348802,null,5241795,null,648513,null,26086,null,167959,null,3137,null,261312,null,436726,null,414856,null,81420,null,90589,null,31442,null,2300,null,184637,null,4870,null,2177,null,381,null,8306,null,342,null,58,null,2919,null,3589,null,1443,null,383,null,19796,null,7003,null,1615,null,225,null,3161,null,968,null,177,null,4218,null,871,null,851,null,117,null,66,null,19,null,227,null,76,null,75,null,41,null,9,null,18,null,5,null,54,null,1784,null,430,null,91,null,835,null,59,null,67,null,17,null,80,null,77,null,20,null,40,null,27,null,12,null,1,null,15,null,13,null,262,null,149,null,80,null,16,null,7,null,2,null,8,null,28,null,28,null
0400000US19,Iowa,3190369,null,3011086,null,2694521,null,131972,null,14486,null,75629,null,5758,null,88720,null,179283,null,170730,null,31415,null,33145,null,15391,null,1121,null,81757,null,1430,null,757,null,94,null,1860,null,180,null,40,null,1039,null,1816,null,577,null,108,null,7817,null,2828,null,596,null,135,null,1007,null,416,null,42,null,1561,null,529,null,350,null,62,null,52,null,13,null,76,null,68,null,45,null,12,null,11,null,5,null,4,null,5,null,609,null,140,null,42,null,237,null,24,null,34,null,16,null,36,null,41,null,4,null,19,null,3,null,0,null,0,null,7,null,6,null,111,null,60,null,29,null,3,null,6,null,2,null,11,null,16,null,16,null
0400000US20,Kansas,2937880,null,2657373,null,2222462,null,168809,null,30995,null,86273,null,3412,null,145422,null,280507,null,265719,null,36935,null,63803,null,18823,null,1600,null,132329,null,3934,null,1261,null,269,null,2927,null,246,null,71,null,1918,null,795,null,633,null,175,null,13554,null,4878,null,979,null,163,null,1690,null,934,null,129,null,2994,null,714,null,570,null,66,null,90,null,36,null,163,null,49,null,34,null,14,null,12,null,16,null,0,null,23,null,1100,null,316,null,47,null,415,null,53,null,49,null,10,null,87,null,53,null,7,null,31,null,10,null,5,null,6,null,1,null,10,null,103,null,52,null,34,null,6,null,4,null,2,null,5,null,31,null,31,null
0400000US21,Kentucky,4505836,null,4260996,null,3711254,null,362417,null,12801,null,74426,null,3681,null,96417,null,244840,null,232500,null,55381,null,66051,null,17238,null,1449,null,78941,null,2750,null,1258,null,335,null,5572,null,185,null,51,null,1140,null,1366,null,600,null,183,null,11103,null,4202,null,1014,null,165,null,1561,null,723,null,117,null,1892,null,544,null,450,null,70,null,74,null,23,null,115,null,71,null,27,null,6,null,9,null,12,null,6,null,22,null,1068,null,274,null,49,null,421,null,66,null,68,null,8,null,66,null,55,null,0,null,21,null,12,null,18,null,5,null,5,null,0,null,143,null,57,null,50,null,10,null,14,null,7,null,5,null,26,null,26,null
0400000US22,Louisiana,4657757,null,4384380,null,2657652,null,1464023,null,31657,null,86438,null,1911,null,142699,null,273377,null,255214,null,43631,null,50194,null,17001,null,1278,null,116354,null,7332,null,2323,null,419,null,13305,null,280,null,69,null,1601,null,504,null,660,null,263,null,15833,null,4955,null,985,null,121,null,2995,null,840,null,117,null,3407,null,500,null,819,null,133,null,137,null,40,null,374,null,170,null,128,null,46,null,21,null,13,null,7,null,25,null,2083,null,339,null,46,null,1250,null,64,null,67,null,30,null,58,null,82,null,8,null,27,null,38,null,21,null,1,null,47,null,5,null,214,null,82,null,95,null,3,null,11,null,15,null,8,null,33,null,33,null
0400000US23,Maine,1362359,null,1297649,null,1237041,null,25752,null,7885,null,16798,null,443,null,9730,null,64710,null,61608,null,7612,null,23177,null,7074,null,430,null,21646,null,272,null,163,null,41,null,651,null,86,null,16,null,141,null,153,null,123,null,23,null,2808,null,846,null,194,null,21,null,444,null,221,null,59,null,483,null,250,null,173,null,20,null,17,null,11,null,24,null,5,null,17,null,2,null,7,null,4,null,2,null,8,null,231,null,26,null,13,null,94,null,17,null,13,null,2,null,21,null,22,null,3,null,5,null,7,null,4,null,0,null,3,null,1,null,63,null,34,null,7,null,2,null,3,null,10,null,7,null,0,null,0,null
0400000US24,Maryland,6177224,null,5695323,null,3007874,null,1820472,null,31845,null,420944,null,3247,null,410941,null,481901,null,444556,null,78371,null,48367,null,55237,null,1985,null,194761,null,15874,null,9381,null,1117,null,25559,null,810,null,112,null,8218,null,1403,null,2746,null,615,null,32617,null,11071,null,3651,null,330,null,5388,null,1356,null,111,null,5477,null,1158,null,1944,null,138,null,418,null,96,null,592,null,210,null,444,null,82,null,26,null,67,null,20,null,38,null,4231,null,1067,null,109,null,2187,null,111,null,316,null,35,null,92,null,173,null,29,null,32,null,19,null,33,null,5,null,19,null,4,null,439,null,181,null,200,null,23,null,25,null,1,null,9,null,58,null,58,null
0400000US25,Massachusetts,7029917,null,6421050,null,4896037,null,494029,null,24018,null,507934,null,2301,null,496731,null,608867,null,571923,null,56449,null,41151,null,58164,null,1794,null,310903,null,6011,null,3375,null,648,null,80988,null,633,null,109,null,5177,null,994,null,3405,null,2122,null,32278,null,6372,null,1794,null,160,null,13544,null,908,null,99,null,4085,null,1030,null,1849,null,204,null,185,null,22,null,1155,null,106,null,473,null,147,null,20,null,36,null,22,null,67,null,4310,null,443,null,49,null,3004,null,67,null,348,null,63,null,37,null,103,null,16,null,93,null,10,null,25,null,0,null,48,null,4,null,326,null,136,null,152,null,23,null,10,null,5,null,0,null,30,null,30,null
0400000US26,Michigan,10077331,null,9442016,null,7444974,null,1376579,null,61261,null,334300,null,3051,null,221851,null,635315,null,599811,null,115790,null,145036,null,60656,null,2906,null,240916,null,12023,null,3871,null,566,null,11229,null,735,null,102,null,2792,null,1108,null,1732,null,349,null,32500,null,13348,null,2305,null,308,null,4441,null,1797,null,244,null,5728,null,1403,null,1680,null,148,null,279,null,45,null,383,null,128,null,131,null,32,null,32,null,26,null,2,null,40,null,2609,null,699,null,131,null,1102,null,84,null,133,null,33,null,111,null,120,null,8,null,87,null,35,null,31,null,7,null,24,null,4,null,338,null,156,null,128,null,18,null,18,null,10,null,8,null,57,null,57,null
0400000US27,Minnesota,5706494,null,5360773,null,4423146,null,398434,null,68641,null,299190,null,2918,null,168444,null,345721,null,324275,null,57953,null,65819,null,45265,null,1882,null,133575,null,5029,null,2674,null,313,null,4770,null,790,null,104,null,2660,null,1477,null,1609,null,355,null,19416,null,7897,null,1842,null,232,null,2123,null,1247,null,144,null,3123,null,1153,null,877,null,95,null,126,null,57,null,187,null,65,null,91,null,20,null,38,null,34,null,7,null,58,null,1755,null,441,null,71,null,763,null,70,null,158,null,9,null,103,null,65,null,1,null,24,null,21,null,18,null,5,null,6,null,0,null,244,null,91,null,116,null,13,null,15,null,4,null,5,null,31,null,31,null
0400000US28,Mississippi,2961279,null,2850547,null,1658893,null,1084481,null,16450,null,32709,null,1154,null,56860,null,110732,null,103917,null,25992,null,27934,null,8293,null,603,null,31331,null,3877,null,1149,null,273,null,3095,null,128,null,28,null,571,null,251,null,284,null,108,null,5995,null,2320,null,496,null,63,null,735,null,411,null,58,null,991,null,221,null,246,null,30,null,75,null,21,null,134,null,92,null,60,null,4,null,7,null,8,null,2,null,21,null,676,null,172,null,54,null,253,null,21,null,28,null,4,null,44,null,14,null,5,null,9,null,11,null,16,null,7,null,36,null,2,null,119,null,47,null,38,null,17,null,8,null,0,null,9,null,25,null,25,null
0400000US29,Missouri,6154913,null,5741742,null,4740335,null,699840,null,30518,null,133377,null,9730,null,127942,null,413171,null,390923,null,68493,null,128301,null,34538,null,3424,null,135671,null,7134,null,2313,null,542,null,6030,null,352,null,98,null,1682,null,1180,null,937,null,228,null,20344,null,7562,null,1634,null,313,null,2472,null,1618,null,280,null,3723,null,1129,null,764,null,165,null,154,null,46,null,236,null,101,null,54,null,16,null,23,null,15,null,1,null,38,null,1598,null,434,null,95,null,663,null,75,null,64,null,19,null,99,null,65,null,7,null,33,null,16,null,9,null,5,null,6,null,8,null,281,null,135,null,113,null,6,null,15,null,9,null,3,null,25,null,25,null
0400000US30,Montana,1084225,null,1012950,null,916524,null,5484,null,67612,null,8300,null,941,null,14089,null,71275,null,67557,null,4608,null,29080,null,6430,null,916,null,24502,null,623,null,140,null,30,null,211,null,202,null,96,null,322,null,274,null,101,null,22,null,3410,null,959,null,161,null,41,null,214,null,472,null,112,null,773,null,434,null,121,null,37,null,1,null,6,null,5,null,7,null,4,null,13,null,27,null,11,null,1,null,11,null,256,null,39,null,14,null,83,null,14,null,4,null,4,null,34,null,27,null,5,null,3,null,6,null,5,null,6,null,7,null,5,null,40,null,13,null,17,null,3,null,0,null,4,null,3,null,12,null,12,null
0400000US31,Nebraska,1961504,null,1817341,null,1538052,null,96535,null,23102,null,52951,null,1534,null,105167,null,144163,null,136456,null,19503,null,23079,null,12180,null,826,null,73788,null,1882,null,577,null,126,null,1607,null,167,null,42,null,1695,null,479,null,407,null,98,null,6979,null,2328,null,523,null,81,null,795,null,393,null,52,null,1745,null,462,null,304,null,43,null,49,null,5,null,98,null,41,null,6,null,15,null,5,null,8,null,9,null,17,null,624,null,124,null,25,null,241,null,56,null,33,null,7,null,24,null,70,null,11,null,13,null,2,null,3,null,1,null,10,null,4,null,84,null,34,null,23,null,6,null,8,null,4,null,9,null,20,null,20,null
0400000US32,Nevada,3104614,null,2670605,null,1588463,null,304739,null,43932,null,272703,null,25011,null,435757,null,434009,null,400557,null,34520,null,36364,null,45769,null,6098,null,239236,null,4265,null,5716,null,1613,null,9242,null,738,null,262,null,4814,null,8079,null,3049,null,792,null,29850,null,4309,null,2794,null,575,null,3260,null,1735,null,366,null,5503,null,6574,null,2393,null,361,null,260,null,86,null,328,null,535,null,256,null,80,null,106,null,73,null,16,null,240,null,3159,null,540,null,136,null,792,null,393,null,197,null,45,null,472,null,179,null,38,null,262,null,41,null,29,null,11,null,24,null,0,null,400,null,184,null,127,null,7,null,48,null,31,null,3,null,43,null,43,null
0400000US33,New Hampshire,1377529,null,1299787,null,1216203,null,20127,null,3031,null,35871,null,453,null,24102,null,77742,null,73876,null,8076,null,19548,null,9151,null,540,null,33530,null,322,null,180,null,64,null,1685,null,67,null,7,null,223,null,194,null,203,null,86,null,3465,null,992,null,334,null,29,null,735,null,260,null,28,null,559,null,191,null,178,null,36,null,1,null,24,null,39,null,17,null,16,null,4,null,2,null,11,null,3,null,6,null,338,null,43,null,3,null,200,null,11,null,20,null,1,null,15,null,18,null,2,null,9,null,3,null,1,null,2,null,9,null,1,null,59,null,26,null,11,null,14,null,0,null,3,null,5,null,4,null,4,null
0400000US34,New Jersey,9288994,null,8385500,null,5112280,null,1219770,null,51186,null,950090,null,3533,null,1048641,null,903494,null,852673,null,70790,null,40811,null,65045,null,1740,null,559309,null,12399,null,7604,null,1168,null,65449,null,1842,null,143,null,14030,null,2097,null,7251,null,2995,null,43150,null,10254,null,2929,null,217,null,13263,null,1016,null,100,null,7374,null,967,null,3645,null,265,null,374,null,51,null,1323,null,139,null,734,null,113,null,30,null,158,null,56,null,142,null,7058,null,850,null,149,null,4730,null,79,null,633,null,62,null,46,null,244,null,26,null,112,null,18,null,39,null,13,null,38,null,19,null,546,null,157,null,310,null,22,null,17,null,29,null,11,null,67,null,67,null
0400000US35,New Mexico,2117522,null,1695276,null,1078937,null,45904,null,212241,null,37469,null,2093,null,318632,null,422246,null,405338,null,10509,null,30305,null,11482,null,1097,null,337315,null,2488,null,645,null,130,null,3049,null,643,null,214,null,5425,null,668,null,1063,null,305,null,15498,null,1949,null,443,null,55,null,1807,null,737,null,131,null,7896,null,555,null,1226,null,171,null,58,null,21,null,171,null,35,null,54,null,13,null,31,null,60,null,35,null,50,null,1230,null,171,null,27,null,546,null,43,null,71,null,20,null,102,null,124,null,16,null,61,null,19,null,6,null,7,null,1,null,16,null,152,null,32,null,84,null,16,null,4,null,13,null,3,null,28,null,28,null
0400000US36,New York,20201249,null,18433786,null,11143349,null,2986172,null,149690,null,1933127,null,10815,null,2210633,null,1767463,null,1649229,null,175686,null,113950,null,148927,null,3890,null,840481,null,31562,null,21450,null,3274,null,226733,null,5958,null,564,null,33617,null,6314,null,28694,null,8129,null,99616,null,24378,null,6334,null,504,null,31594,null,2154,null,258,null,15296,null,2222,null,6526,null,459,null,1059,null,171,null,3838,null,426,null,2558,null,476,null,145,null,548,null,156,null,514,null,16806,null,2049,null,232,null,11366,null,252,null,1429,null,92,null,135,null,430,null,37,null,240,null,92,null,210,null,29,null,120,null,93,null,1623,null,555,null,873,null,99,null,26,null,25,null,45,null,189,null,189,null
0400000US37,North Carolina,10439388,null,9727667,null,6488459,null,2140217,null,130032,null,343051,null,8518,null,617390,null,711721,null,664545,null,114798,null,124955,null,57170,null,3574,null,294386,null,23110,null,6862,null,1462,null,24413,null,983,null,249,null,7175,null,1842,null,2749,null,817,null,41836,null,16307,null,3410,null,458,null,6524,null,2035,null,261,null,6802,null,1742,null,1731,null,204,null,454,null,138,null,936,null,298,null,244,null,92,null,64,null,34,null,15,null,87,null,4728,null,1102,null,153,null,2406,null,160,null,285,null,32,null,178,null,193,null,23,null,81,null,31,null,20,null,8,null,31,null,25,null,540,null,280,null,198,null,25,null,22,null,10,null,5,null,72,null,72,null
0400000US38,North Dakota,779094,null,737154,null,645938,null,26783,null,38914,null,13213,null,924,null,11382,null,41940,null,39726,null,5120,null,14414,null,4048,null,415,null,13753,null,600,null,251,null,39,null,394,null,98,null,50,null,225,null,183,null,70,null,66,null,1968,null,645,null,155,null,34,null,212,null,173,null,36,null,347,null,166,null,76,null,11,null,9,null,7,null,29,null,21,null,7,null,1,null,11,null,11,null,0,null,17,null,192,null,35,null,8,null,62,null,11,null,2,null,3,null,22,null,22,null,0,null,0,null,3,null,10,null,1,null,6,null,7,null,49,null,14,null,10,null,6,null,16,null,3,null,0,null,5,null,5,null
0400000US39,Ohio,11799448,null,11118076,null,9080688,null,1478781,null,30720,null,298509,null,5034,null,224344,null,681372,null,638388,null,157685,null,157622,null,59329,null,3367,null,217778,null,12938,null,4679,null,811,null,17084,null,637,null,99,null,2590,null,1312,null,1861,null,596,null,38520,null,17738,null,3162,null,488,null,5720,null,1974,null,243,null,4779,null,1669,null,1190,null,162,null,310,null,88,null,548,null,178,null,126,null,31,null,36,null,33,null,15,null,30,null,3942,null,1049,null,231,null,1893,null,150,null,180,null,12,null,122,null,138,null,13,null,52,null,30,null,29,null,18,null,14,null,11,null,461,null,219,null,153,null,29,null,37,null,3,null,20,null,61,null,61,null
0400000US40,Oklahoma,3959353,null,3451195,null,2514885,null,289961,null,332791,null,90949,null,8608,null,214001,null,508158,null,476591,null,46341,null,251170,null,21338,null,2100,null,124450,null,19104,null,1726,null,420,null,3753,null,974,null,357,null,3132,null,824,null,665,null,237,null,29533,null,15616,null,1200,null,227,null,1956,null,2926,null,426,null,4845,null,921,null,541,null,75,null,202,null,58,null,295,null,61,null,41,null,13,null,77,null,21,null,7,null,25,null,1846,null,460,null,105,null,778,null,74,null,72,null,5,null,181,null,82,null,13,null,32,null,13,null,10,null,5,null,15,null,1,null,167,null,107,null,42,null,5,null,6,null,1,null,6,null,21,null,21,null
0400000US41,Oregon,4237256,null,3793917,null,3169096,null,82655,null,62993,null,194538,null,19204,null,265431,null,443339,null,412968,null,32537,null,96929,null,59341,null,7738,null,198328,null,2285,null,1647,null,519,null,2794,null,805,null,332,null,3987,null,3737,null,1543,null,446,null,27366,null,5185,null,1771,null,382,null,2242,null,2840,null,643,null,6714,null,4854,null,1724,null,271,null,141,null,63,null,159,null,101,null,66,null,20,null,75,null,37,null,3,null,75,null,2568,null,446,null,98,null,842,null,161,null,115,null,19,null,453,null,229,null,22,null,141,null,17,null,11,null,10,null,4,null,0,null,385,null,191,null,116,null,13,null,30,null,35,null,0,null,52,null,52,null
0400000US42,Pennsylvania,13002700,null,12228216,null,9750687,null,1423169,null,31052,null,510501,null,4276,null,508531,null,774484,null,726012,null,136716,null,107274,null,69760,null,3360,null,337578,null,14495,null,6188,null,1025,null,36170,null,858,null,164,null,5426,null,1692,null,3256,null,2050,null,42490,null,15669,null,3153,null,450,null,9963,null,1483,null,225,null,5306,null,1541,null,1891,null,235,null,328,null,92,null,1289,null,195,null,348,null,124,null,22,null,55,null,45,null,76,null,5454,null,1054,null,203,null,3296,null,118,null,316,null,55,null,96,null,119,null,27,null,71,null,26,null,42,null,0,null,26,null,5,null,435,null,195,null,195,null,22,null,15,null,4,null,4,null,93,null,93,null
0400000US44,Rhode Island,1097379,null,995585,null,782920,null,62168,null,7385,null,38961,null,536,null,103615,null,101794,null,93292,null,9960,null,8317,null,7009,null,333,null,44471,null,2169,null,397,null,86,null,18100,null,98,null,32,null,1103,null,181,null,448,null,588,null,7427,null,1773,null,286,null,47,null,3143,null,142,null,39,null,712,null,149,null,243,null,64,null,37,null,12,null,514,null,44,null,109,null,45,null,5,null,25,null,26,null,12,null,994,null,113,null,19,null,711,null,19,null,63,null,14,null,4,null,13,null,9,null,4,null,3,null,7,null,10,null,5,null,0,null,69,null,13,null,36,null,8,null,2,null,10,null,0,null,12,null,12,null
0400000US45,South Carolina,5118425,null,4820049,null,3243442,null,1280531,null,24303,null,90466,null,3431,null,177876,null,298376,null,280801,null,57455,null,62074,null,23180,null,1651,null,112478,null,7924,null,2859,null,554,null,8725,null,300,null,61,null,1688,null,774,null,790,null,288,null,15452,null,6080,null,1385,null,134,null,2280,null,928,null,125,null,2291,null,715,null,622,null,72,null,153,null,27,null,282,null,153,null,84,null,29,null,23,null,22,null,14,null,33,null,1775,null,364,null,70,null,821,null,110,null,101,null,17,null,112,null,57,null,18,null,42,null,21,null,14,null,3,null,18,null,7,null,292,null,125,null,113,null,15,null,19,null,14,null,6,null,56,null,56,null
0400000US46,South Dakota,886667,null,840002,null,715336,null,17842,null,77748,null,13476,null,543,null,15057,null,46665,null,44190,null,5575,null,17783,null,3699,null,385,null,14479,null,940,null,163,null,26,null,323,null,165,null,58,null,332,null,133,null,86,null,43,null,2228,null,839,null,126,null,28,null,186,null,219,null,62,null,415,null,163,null,56,null,30,null,27,null,5,null,32,null,8,null,1,null,8,null,13,null,3,null,4,null,3,null,202,null,21,null,11,null,65,null,17,null,8,null,10,null,29,null,11,null,9,null,4,null,0,null,5,null,0,null,7,null,5,null,44,null,15,null,7,null,4,null,4,null,11,null,3,null,1,null,1,null
0400000US47,Tennessee,6910840,null,6497942,null,4990938,null,1092948,null,28044,null,135615,null,4115,null,246282,null,412898,null,391747,null,71033,null,109625,null,31467,null,2453,null,153279,null,6326,null,2814,null,534,null,8615,null,347,null,104,null,2801,null,926,null,1082,null,341,null,19049,null,6873,null,1565,null,261,null,2599,null,1380,null,210,null,3407,null,1046,null,777,null,132,null,140,null,49,null,250,null,166,null,67,null,32,null,30,null,12,null,6,null,47,null,1832,null,466,null,82,null,770,null,79,null,113,null,12,null,112,null,83,null,16,null,36,null,25,null,6,null,8,null,16,null,8,null,250,null,107,null,108,null,12,null,14,null,5,null,4,null,20,null,20,null
0400000US48,Texas,29145505,null,24011767,null,14609365,null,3552997,null,278948,null,1585480,null,33611,null,3951366,null,5133738,null,4966139,null,213221,null,321387,null,171466,null,11344,null,4040218,null,27070,null,18267,null,3622,null,71643,null,3305,null,609,null,55559,null,10559,null,14549,null,3320,null,151394,null,24321,null,8301,null,1030,null,25806,null,6421,null,883,null,58045,null,5929,null,13645,null,1276,null,753,null,158,null,2157,null,775,null,821,null,201,null,105,null,316,null,106,null,345,null,14376,null,2221,null,292,null,7383,null,511,null,1033,null,110,null,604,null,1316,null,115,null,490,null,101,null,88,null,5,null,73,null,34,null,1661,null,517,null,841,null,111,null,69,null,89,null,34,null,168,null,168,null
0400000US49,Utah,3271616,null,2992603,null,2573413,null,40058,null,41644,null,80438,null,36930,null,220120,null,279013,null,261893,null,17096,null,31850,null,32648,null,12766,null,155296,null,888,null,744,null,651,null,2350,null,373,null,333,null,3090,null,2303,null,1054,null,451,null,15570,null,1520,null,702,null,369,null,1373,null,774,null,378,null,4847,null,3823,null,990,null,321,null,46,null,36,null,80,null,86,null,45,null,9,null,57,null,29,null,8,null,77,null,1368,null,125,null,52,null,533,null,123,null,58,null,6,null,207,null,115,null,35,null,77,null,11,null,7,null,8,null,1,null,10,null,174,null,54,null,63,null,17,null,4,null,31,null,5,null,8,null,8,null
0400000US50,Vermont,643077,null,606051,null,577751,null,9034,null,2289,null,11549,null,181,null,5247,null,37026,null,35154,null,3637,null,13105,null,3882,null,203,null,13541,null,153,null,46,null,13,null,326,null,36,null,12,null,81,null,39,null,72,null,8,null,1656,null,575,null,92,null,27,null,283,null,132,null,21,null,276,null,81,null,79,null,24,null,5,null,7,null,9,null,10,null,9,null,4,null,4,null,3,null,4,null,11,null,169,null,41,null,6,null,72,null,14,null,6,null,1,null,6,null,6,null,4,null,2,null,4,null,2,null,1,null,4,null,0,null,41,null,19,null,13,null,0,null,1,null,6,null,2,null,6,null,6,null
0400000US51,Virginia,8631393,null,7925686,null,5208856,null,1607581,null,40007,null,615436,null,7156,null,446650,null,705707,null,654932,null,111004,null,86898,null,105008,null,4119,null,284308,null,14934,null,10210,null,1255,null,21371,null,978,null,104,null,6852,null,3176,null,4062,null,653,null,44372,null,13505,null,5027,null,507,null,6748,null,2483,null,238,null,7356,null,2708,null,3246,null,186,null,494,null,98,null,633,null,463,null,367,null,71,null,31,null,54,null,41,null,116,null,5685,null,1326,null,157,null,2743,null,291,null,347,null,31,null,230,null,299,null,15,null,144,null,26,null,12,null,9,null,46,null,9,null,680,null,248,null,372,null,25,null,11,null,14,null,10,null,38,null,38,null
0400000US53,Washington,7705281,null,6868622,null,5130920,null,307565,null,121468,null,730596,null,64933,null,513140,null,836659,null,770116,null,82193,null,138919,null,147299,null,15706,null,333489,null,6570,null,8676,null,2243,null,7734,null,2803,null,893,null,6295,null,11689,null,4451,null,1156,null,59396,null,11320,null,6658,null,1223,null,4725,null,6577,null,1179,null,10499,null,10336,null,3781,null,530,null,517,null,154,null,394,null,598,null,237,null,43,null,256,null,120,null,20,null,229,null,6331,null,1422,null,257,null,1715,null,684,null,355,null,63,null,906,null,421,null,45,null,323,null,79,null,24,null,5,null,18,null,14,null,710,null,346,null,209,null,39,null,55,null,48,null,13,null,106,null,106,null
0400000US54,West Virginia,1793716,null,1708772,null,1610749,null,65813,null,3706,null,15109,null,476,null,12919,null,84944,null,80877,null,19578,null,30144,null,5443,null,462,null,22475,null,774,null,262,null,72,null,1128,null,53,null,36,null,127,null,140,null,144,null,39,null,3702,null,1701,null,297,null,67,null,463,null,260,null,44,null,480,null,193,null,89,null,28,null,20,null,4,null,17,null,13,null,7,null,0,null,7,null,2,null,6,null,4,null,303,null,65,null,9,null,109,null,31,null,10,null,4,null,32,null,12,null,3,null,7,null,4,null,9,null,2,null,5,null,1,null,47,null,21,null,25,null,0,null,0,null,0,null,1,null,15,null,15,null
0400000US55,Wisconsin,5893718,null,5534184,null,4737545,null,376256,null,60428,null,175702,null,2199,null,182054,null,359534,null,341196,null,53543,null,64697,null,32014,null,2004,null,172629,null,4343,null,1586,null,199,null,5261,null,467,null,102,null,2178,null,892,null,1011,null,270,null,16568,null,5601,null,1077,null,164,null,2606,null,818,null,133,null,3769,null,963,null,760,null,98,null,106,null,5,null,278,null,55,null,52,null,24,null,3,null,26,null,13,null,17,null,1606,null,348,null,46,null,880,null,55,null,57,null,17,null,43,null,85,null,22,null,29,null,5,null,16,null,1,null,2,null,0,null,151,null,72,null,55,null,8,null,5,null,4,null,7,null,13,null,13,null
0400000US56,Wyoming,576851,null,533378,null,488374,null,5232,null,13898,null,5212,null,579,null,20083,null,43473,null,41250,null,3059,null,11482,null,3108,null,481,null,21954,null,165,null,75,null,26,null,220,null,53,null,33,null,356,null,131,null,91,null,16,null,2024,null,375,null,120,null,35,null,145,null,161,null,43,null,692,null,232,null,117,null,23,null,10,null,2,null,33,null,2,null,12,null,6,null,4,null,11,null,0,null,1,null,163,null,35,null,9,null,32,null,12,null,3,null,13,null,21,null,12,null,9,null,9,null,4,null,3,null,1,null,0,null,0,null,33,null,11,null,14,null,2,null,0,null,4,null,2,null,3,null,3,null
